ID,Assigned Stage
3XdluvWkn4NM3gFsvPNCtUDM5Oi1,0_1
4Bf1mBR9HjcLeFcDeuEVRrGDaU63,3_1
4XpuWt6oUEgmQ9IjEloUtqyd4c43,4_1
4qoWztDujictoqTEJvJK6xF1Zcr1,6_1
6Kza76qZHxOb8TlrP068rdr93br1,9_1
8YkNXMIQd4OiFHX0Ljm4LKsbZ2A2,13_1
A5gF87EUo6NdCaKoemDLN5V4gkF2,14_1
AXP0X3rUqzbpG3thTZcuZ6Ax1no1,15_1
AaVsgnDJcfc4ZG8BwfCezt1VSZA3,16_1
H4RtKMKXpYhJkTOTOOm62ANGNAo2,17_1
Hnqd1QWfsafGdmWBECGv7owgJFt2,18_1
Jg1Ejqc46rbcTHBwOMRYZZRwbTE2,20_1
KplEdkaz5na6IzzQUFxy8ldozMA2,22_1
M8ySAiobcuStMPVUKB1SUjfZO2D2,26_1
NKzeoLK9hlSWLKHy858f84dZ7jz1,28_1
Na44fbbTNZUjn7JIw6bBgLmTGmB2,32_1
PQKKiABo9oWhgcOKlmD5f1kKPoF3,34_1
QzBEdtlEIsfsg3pD6B1adFBmZSG2,35_1
R5PCIOnQeUhRSyFRTI9fg0Wp8p23,36_1
RY3eRRvuMhcM10siGR3QdhIHBI42,37_1
SodSajGZ6lhfjjwB8YB4pMYT3hZ2,38_1
T70EwGWJMtZ22rcprSkqiOcPzTf1,39_1
VO9wOi3JGvVchoaQvtNTidOABe03,40_1
Vnf1L8xxhFheK6RE3P18MGzMDkc2,41_1
WwfAPnGOElWCCprK8J9QpARedqV2,43_1
XK3sK3I48cMs89evbLhJZwBNlS92,44_1
XQtDBAPWalffkax0p7ml1k0yOtr2,45_1
YiI50LxSiZYDXMtiCNf6kwEWSQ42,49_1
aMpDSmIIsjZHIHJrVFGyKiLF94j2,50_1
atQ2mk9k2lUYzt9nrJgwsjyzz702,51_1
db0aQCgPMGgusm21XWqJ6RkXRvU2,55_1
djz1MyC7JsYen1wobYSUQC4aeF92,56_1
fE3EIKzXzKd3e7k8xoye5uc3PPd2,59_1
fgw7KyTqr4WAoThi0KjJtDRY7Ri2,62_1
h21ZyIpknGUksWjxUDLo2Mthwy92,63_1
hZTRrS8UMrfybYXKulfk1pI03jw2,74_1
i3VYPIfwLqTWfAL1E5HeHRRM5TE3,78_1
kBlGnRSNhgaQSTPumpAz4jZ7pgq2,85_1
lQVKbNduW7gdmCOBxC5KYnaIvGG3,87_1
lRjmWjDaAUcsqHli7A3rfvAazgl2,89_1
mGwDQ6cu9BfI9d0sLUVdZBnoooB2,92_1
nqvttcCyf3SL6YT1DJJ8GGM3MKz2,94_1
qMjlyqwW8wN9IsVapiUoCXrJjOG2,95_1
sJ0z0k4idEg6PMCnMrjW3lho9cs1,101_1
ta5fEsMcBHV64fLfjy7knGlQVd93,lesé
tc2VPj6NxHQyXqO9cxgs1VvCH9A2,lesé
ugBbi96TQGRuQLKFwT43qJHa4za2,lesé
uwUTp2rxDHhytEej6vKfcVlOCY73,lesé
v0Bv2oLhCkhDJvVvXktZsmnj16U2,lesé
wb6ciGEN2tVpmU0Ld5ftdVCy1Qi1,lesé
yWShM6jbuNcck2CfI0ihEtckesW2,lesé
yn7VMvQNy8gz9G2SrHjsYIuCfxA2,lesé
zss86bdGCVgvYgWzkc8dK7qLNi92,lesé
